{"epsilon": 0.125, "epsilon_step": 0.05, "targeted": false, "view": "both", "_timestamp": 1726005202.1535313, "_runtime": 63.12326741218567, "_step": 1, "loss": 1.0197498336201534, "epoch": 0, "_wandb": {"runtime": 627}}